Day,Date,Time,User Name,Message,Media
Sunday,2/7/2023,9:34â€¯pm ,Sehrish,Ohh very interesting English both r speaking ğŸ¤£I m fan of both,
Sunday,2/7/2023,9:34â€¯pm ,Wajihaa,ğŸ¤£ğŸ¤£ğŸ¤£ğŸ¤£,
Sunday,2/7/2023,9:35â€¯pm ,Sehrish,Amna jiya how u forget ....I will slap on ur face so hardly that ur face become redğŸ¤£,
Sunday,2/7/2023,9:36â€¯pm ,Wajihaa,No i don't forget i remember yaar,
Sunday,2/7/2023,9:38â€¯pm ,Laraib  Mansoor,After a very long time i read all this chitchat i miss this,
Sunday,2/7/2023,9:38â€¯pm ,Sehrish,Tomorrow I will landing for Kashmir inshAallah,
Sunday,2/7/2023,9:38â€¯pm ,Sehrish,Thnkx for our projectğŸ˜…,
Sunday,2/7/2023,9:40â€¯pm ,Laraib  Mansoor,Thank you thank you,
Sunday,2/7/2023,10:25â€¯pm ,Aiman,Yh kya h ğŸ¤”,
Sunday,2/7/2023,10:50â€¯pm ,Aiman,Mashallah looking soo cuteğŸ’‹â™¥ï¸,
Sunday,2/7/2023,11:10â€¯pm ,Amna,Seriously wajihağŸ˜‚,
Sunday,2/7/2023,11:10â€¯pm ,Amna,Haha i never forget this dialogğŸ˜‚ğŸ˜‚,
Sunday,2/7/2023,11:11â€¯pm ,Sehrish,ğŸ˜…,
Sunday,2/7/2023,11:13â€¯pm ,Amna,Why landing??? Are you going by aeroplaneğŸ˜‚,
Sunday,2/7/2023,11:13â€¯pm ,Sehrish,Yeah on my helliğŸ¤£,
Sunday,2/7/2023,11:14â€¯pm ,Amna,Too much messages after long time... english is the only reason of thisğŸ˜‚so we should talk in english i think,
Sunday,2/7/2023,11:14â€¯pm ,Sehrish,After long tym I m enjoying alott by these messages ğŸ¤£ğŸ˜˜,
Sunday,2/7/2023,11:14â€¯pm ,Amna,Ahhaa great ğŸ˜‚,
Sunday,2/7/2023,11:14â€¯pm ,Sehrish,Haha really trueğŸ¤£ğŸ¤£,
Sunday,2/7/2023,11:15â€¯pm ,Sehrish,You wanna go?,
Sunday,2/7/2023,11:15â€¯pm ,Sehrish,With me on my helli,
Sunday,2/7/2023,11:16â€¯pm ,Amna,ğŸ˜‚by the way i  have actually no idea that we could speak much better in english guyzğŸ˜ƒ,
Sunday,2/7/2023,11:17â€¯pm ,Amna,I really wishğŸ˜‚ğŸ˜€ğŸ˜‚ğŸ˜€,
Sunday,2/7/2023,11:19â€¯pm ,Sehrish,But actually we r enjoying alot by speaking English,
Sunday,2/7/2023,11:19â€¯pm ,Sehrish,InshaAllah one dayğŸ¤²,
Sunday,2/7/2023,11:21â€¯pm ,Amna,Its also improve our engish ğŸ‘,
Sunday,2/7/2023,11:21â€¯pm ,Amna,HopefullyğŸ™†ğŸ»â€â™€ï¸,
Sunday,2/7/2023,11:21â€¯pm ,Sehrish,Yeah,
Sunday,2/7/2023,11:22â€¯pm ,Sehrish,,PTT-20230703-WA0004.opus (file attached)
Monday,3/7/2023,11:31â€¯am ,Mahnoor Sikandar,Assalam o alaikum everyone,
Monday,3/7/2023,11:36â€¯am ,Mahnoor Sikandar,"hello dear friends, ğŸ‘‹ we have a project requirements in which we need of you to complete it . thanks all of you for being here ğŸ’–",
Monday,3/7/2023,11:38â€¯am ,Mahnoor Sikandar,,IMG-20230703-WA0008.jpg (file attached)
Monday,3/7/2023,1:20â€¯pm ,Amna,W.salam,
Monday,3/7/2023,1:20â€¯pm ,Amna,You arw most welcomeğŸ¥°,
Monday,3/7/2023,1:24â€¯pm ,Aiman,"After a long time, I am laughing alot to read these messages ğŸ¤£ğŸ˜‚",
Monday,3/7/2023,1:26â€¯pm ,Aiman,No doubt ğŸ˜‚ğŸ˜,
Monday,3/7/2023,1:27â€¯pm ,Aiman,W. Slam,
Monday,3/7/2023,1:51â€¯pm ,Laraib  Mansoor,,<Media omitted>
Monday,3/7/2023,2:10â€¯pm ,Wajihaa,Who is Meenu?,
Monday,3/7/2023,2:15â€¯pm ,Wajihaa,,<Media omitted>
Monday,3/7/2023,2:19â€¯pm ,Aiman,My nick name is popular in my homeğŸ¥°,
Monday,3/7/2023,2:24â€¯pm ,Aiman,And I love this nameâ™¥ï¸ğŸ¥°,
Monday,3/7/2023,2:25â€¯pm ,Aiman,Because I remember to my child periodğŸ¥°ğŸ˜,
Monday,3/7/2023,3:52â€¯pm ,Wajihaa,Real name of Meenu?,
Monday,3/7/2023,10:23â€¯pm ,Sehrish,Amna ask sania to add in group immediately,
Tuesday,4/7/2023,9:55â€¯am ,Mahnoor Sikandar,Gud morning everyone ğŸŒğŸ˜Š,
Tuesday,4/7/2023,9:58â€¯am ,Mahnoor Sikandar,How are all of you guys ğŸ˜Š,
Tuesday,4/7/2023,5:07â€¯pm ,Ayesha,Assalamu alikum,
Tuesday,4/7/2023,5:07â€¯pm ,Ayesha,How are you all of you?,
Tuesday,4/7/2023,6:46â€¯pm ,Mahnoor Sikandar,Walaikum salam â¤ï¸â¤ï¸,
Tuesday,4/7/2023,6:46â€¯pm ,Mahnoor Sikandar,Good.ğŸ˜Š What about u,
Tuesday,4/7/2023,6:50â€¯pm ,Sehrish,Very beautiful ğŸ˜…,
Tuesday,4/7/2023,7:15â€¯pm ,Ayesha,Am good ğŸ‘,
Tuesday,4/7/2023,7:15â€¯pm ,Ayesha,But my English is very good,
Tuesday,4/7/2023,7:15â€¯pm ,Ayesha,How nice,
Tuesday,4/7/2023,9:31â€¯pm ,Sehrish,Oh I know ğŸ˜…in 2 days,
Tuesday,4/7/2023,9:44â€¯pm ,Ayesha,,STK-20230702-WA0025.webp (file attached)
Wednesday,5/7/2023,8:57â€¯am ,Mahnoor Sikandar,Gud morning everyone ğŸŒ,
Wednesday,5/7/2023,9:06â€¯am ,Mahnoor Sikandar,How are all of you,
Wednesday,5/7/2023,9:24â€¯am ,Ayesha,Morning sweetie,
Wednesday,5/7/2023,9:24â€¯am ,Ayesha,Very very good,
Wednesday,5/7/2023,9:25â€¯am ,Ayesha,And you,
Wednesday,5/7/2023,9:41â€¯am ,Mahnoor Sikandar,I'm also good,
Wednesday,5/7/2023,9:43â€¯am ,Mahnoor Sikandar,What's up?,
Wednesday,5/7/2023,10:23â€¯am ,Ayesha,ğŸ¤”ğŸ¤”,
Wednesday,5/7/2023,6:22â€¯pm ,Sehrish,Good afternoon ğŸ’“,
Wednesday,5/7/2023,6:22â€¯pm ,Sehrish,I m enjoying in KashmirğŸ¤,
Wednesday,5/7/2023,6:22â€¯pm ,Sehrish,What's about pindi weather,
Wednesday,5/7/2023,6:35â€¯pm ,Ayesha,Pindi village,
Wednesday,5/7/2023,6:35â€¯pm ,Ayesha,Weather is so so so fine,
Wednesday,5/7/2023,6:36â€¯pm ,Ayesha,Am a right Mahnoor,
Wednesday,5/7/2023,6:53â€¯pm ,Amna,Hmm weather is good,
Wednesday,5/7/2023,6:54â€¯pm ,Amna,Sehrish tell me whats your project SRS last date,
Wednesday,5/7/2023,6:54â€¯pm ,Amna,??,
Wednesday,5/7/2023,6:57â€¯pm ,Sehrish,I think 16,
Wednesday,5/7/2023,6:57â€¯pm ,Sehrish,Mahnoor m I right,
Wednesday,5/7/2023,6:58â€¯pm ,Amna,Mine is 14th julyğŸ¥º,
Wednesday,5/7/2023,7:00â€¯pm ,Sehrish,What's ur progress,
Wednesday,5/7/2023,7:01â€¯pm ,Ayesha,Mine is 25 July,
Wednesday,5/7/2023,7:03â€¯pm ,Amna,SyCoo i am talking about my project assignmntğŸ™†ğŸ»â€â™€ï¸ğŸ™†ğŸ»â€â™€ï¸,
Wednesday,5/7/2023,7:04â€¯pm ,Amna,Its too tough yar  i don't know how to make my assignmntğŸ¥¹ğŸ¥¹ğŸ¥¹,
Wednesday,5/7/2023,7:06â€¯pm ,Ayesha,,STK-20230705-WA0006.webp (file attached)
Wednesday,5/7/2023,7:07â€¯pm ,Sehrish,You have not watch videos on utube about project,
Wednesday,5/7/2023,7:07â€¯pm ,Ayesha,,STK-20230705-WA0002.webp (file attached)
Wednesday,5/7/2023,7:07â€¯pm ,Sehrish,ğŸ˜…,
Wednesday,5/7/2023,7:08â€¯pm ,Sehrish,Do u sign in in chatgpt?,
Wednesday,5/7/2023,7:08â€¯pm ,Ayesha,What?,
Wednesday,5/7/2023,7:09â€¯pm ,Amna,null,
Wednesday,5/7/2023,7:09â€¯pm ,Ayesha,I can't understand your high level English,
Wednesday,5/7/2023,7:09â€¯pm ,Sehrish,This message was deleted,
Wednesday,5/7/2023,7:09â€¯pm ,Amna,Pray for usğŸ˜‚,
Wednesday,5/7/2023,7:09â€¯pm ,Sehrish,ğŸ˜…ğŸ˜…,
Wednesday,5/7/2023,7:10â€¯pm ,Sehrish,Oh plzğŸ¤£,
Wednesday,5/7/2023,7:10â€¯pm ,Sehrish,This message was deleted,
Wednesday,5/7/2023,7:10â€¯pm ,Sehrish,Where is sania,
Wednesday,5/7/2023,7:11â€¯pm ,Amna,Yup right now i sign up nd  i feel that AI will do smthing for meğŸ˜‚,
Wednesday,5/7/2023,7:12â€¯pm ,Amna,Thank God we are in AI generationğŸ˜‚ğŸ˜‚wrna hamara kia hota,
Wednesday,5/7/2023,7:12â€¯pm ,Sehrish,This message was deleted,
Wednesday,5/7/2023,7:12â€¯pm ,Sehrish,This message was deleted,
Wednesday,5/7/2023,7:12â€¯pm ,Amna,ğŸ˜‚ğŸ˜‚,
Wednesday,5/7/2023,7:13â€¯pm ,Amna,Seriously ğŸ˜‚,
Wednesday,5/7/2023,7:14â€¯pm ,Sehrish,This message was deleted,
Wednesday,5/7/2023,7:14â€¯pm ,Amna,From where,
Wednesday,5/7/2023,7:15â€¯pm ,Sehrish,Google play store zinda bad,
Wednesday,5/7/2023,7:16â€¯pm ,Amna,HahağŸ˜‚ğŸ‘,
Wednesday,5/7/2023,8:22â€¯pm ,Ayesha,,STK-20230705-WA0003.webp (file attached)
Wednesday,5/7/2023,8:23â€¯pm ,Ayesha,Exactly,
Wednesday,5/7/2023,8:24â€¯pm ,Ayesha,Mahnoor darling where are you?,
Wednesday,5/7/2023,8:47â€¯pm ,Mahnoor Sikandar,"Yeah , ğŸ˜…ğŸ˜…",
Wednesday,5/7/2023,8:48â€¯pm ,Mahnoor Sikandar,"No, it's 14th july",
Wednesday,5/7/2023,8:51â€¯pm ,Mahnoor Sikandar,If u want u can take help to syco ğŸ˜…ğŸ˜…ğŸ˜…,
Wednesday,5/7/2023,9:19â€¯pm ,Ayesha,Yes yes Mahnoor is right,
Wednesday,5/7/2023,9:19â€¯pm ,Ayesha,Can i help you??,
Wednesday,5/7/2023,9:19â€¯pm ,Ayesha,Amna zahid and sehrish ilyas,
Wednesday,5/7/2023,9:58â€¯pm ,Sehrish,No ğŸ¤·â€â™€ï¸if I tell u my problem u will take 30 days to understand my problemğŸ¤£ I find solution of my problem when u understand itğŸ¤£,
Wednesday,5/7/2023,10:45â€¯pm ,Ayesha,"Sehrish!!  How do you know me to much
",
Wednesday,5/7/2023,10:46â€¯pm ,Ayesha,Aimen why you are not coming in this group?,
Wednesday,5/7/2023,10:46â€¯pm ,Ayesha,I think your English is so weak,
Wednesday,5/7/2023,10:46â€¯pm ,Ayesha,Am a right sehrish??,
Wednesday,5/7/2023,11:44â€¯pm ,Amna,How irresponsible are you sehrishğŸ¤¨ğŸ¤¨,
Wednesday,5/7/2023,11:46â€¯pm ,Amna,Haha that's actually trueğŸ˜‚,
Wednesday,5/7/2023,11:46â€¯pm ,Amna,ğŸ˜‚ğŸ˜‚bcz she is ur frnd,
Thursday,6/7/2023,10:41â€¯am ,Mahnoor Sikandar,Gud morning everyone ğŸŒ,
Thursday,6/7/2023,10:41â€¯am ,Mahnoor Sikandar,How are u all â¤ï¸,
Thursday,6/7/2023,10:49â€¯am ,Mahnoor Sikandar,"Hey guys , what have u all been up to ?",
Thursday,6/7/2023,10:51â€¯am ,Mahnoor Sikandar,I think nobody will be online here,
Thursday,6/7/2023,10:53â€¯am ,Mahnoor Sikandar,we need to chat more in this group bcz only 4 days  left to complete the requirements of the assignments of this phase.,
Thursday,6/7/2023,10:55â€¯am ,Mahnoor Sikandar,so please guys give more time to this group to communicate to each other so we will able to collect more datağŸ™‚,
Thursday,6/7/2023,10:56â€¯am ,Mahnoor Sikandar,is anyone online here ?,
Thursday,6/7/2023,10:59â€¯am ,Sehrish,Oky oky,
Thursday,6/7/2023,10:59â€¯am ,Sehrish,I m beautiful,
Thursday,6/7/2023,11:00â€¯am ,Mahnoor Sikandar,Haha I know ğŸ˜‰,
Thursday,6/7/2023,11:03â€¯am ,Laraib  Mansoor,From which group ??? This one ğŸ¤”,
Thursday,6/7/2023,11:03â€¯am ,Mahnoor Sikandar,What update about your kashmir trip  sehrish ?,
Thursday,6/7/2023,11:03â€¯am ,Sehrish,What's about u guyz,
Thursday,6/7/2023,11:03â€¯am ,Sehrish,Is pindi weather is good or not,
Thursday,6/7/2023,11:04â€¯am ,Sehrish,Both,
Thursday,6/7/2023,11:04â€¯am ,Sehrish,It's very good,
Thursday,6/7/2023,11:04â€¯am ,Mahnoor Sikandar,Please give time to both groups.,
Thursday,6/7/2023,11:05â€¯am ,Sehrish,Yup,
Thursday,6/7/2023,11:05â€¯am ,Mahnoor Sikandar,Its bit normal from previous daysğŸ™‚,
Thursday,6/7/2023,11:06â€¯am ,Sehrish,Chance of rain ?,
Thursday,6/7/2023,11:08â€¯am ,Mahnoor Sikandar,"According to  weather update , there is a chance of rain today ğŸ€",
Thursday,6/7/2023,11:08â€¯am ,Laraib  Mansoor,Cold wind is blowing here,
Thursday,6/7/2023,11:08â€¯am ,Sehrish,Oh good,
Thursday,6/7/2023,11:11â€¯am ,Mahnoor Sikandar,Laraib where are you in these days ??,
Thursday,6/7/2023,11:12â€¯am ,Laraib  Mansoor,In-laws,
Thursday,6/7/2023,11:20â€¯am ,Mahnoor Sikandar,What's update about you in these days ?,
Thursday,6/7/2023,11:20â€¯am ,Mahnoor Sikandar,Any new,
Thursday,6/7/2023,11:22â€¯am ,Wajihaa,My in laws are back from haj,
Thursday,6/7/2023,11:22â€¯am ,Wajihaa,After 15 days,
Thursday,6/7/2023,11:23â€¯am ,Mahnoor Sikandar,Mashallahhh mashallahhhâ¤ï¸â¤ï¸,
Thursday,6/7/2023,11:23â€¯am ,Wajihaa,And now a days I m bzy,
Thursday,6/7/2023,11:25â€¯am ,Mahnoor Sikandar,Allah swt give us also a chance.ğŸ˜¢,
Thursday,6/7/2023,11:25â€¯am ,Laraib  Mansoor,Ameen,
Thursday,6/7/2023,11:25â€¯am ,Laraib  Mansoor,ğŸ™„,
Thursday,6/7/2023,11:26â€¯am ,Wajihaa,Ameen,
Thursday,6/7/2023,11:28â€¯am ,Mahnoor Sikandar,Thats mean u have a great responsibility in your in-laws to schedule all the things .or anyone else there with you  to help you ?,
Thursday,6/7/2023,11:30â€¯am ,Wajihaa,Obviously all family members  help one another,
Thursday,6/7/2023,11:31â€¯am ,Mahnoor Sikandar,I mean  u did this time any new thing or previous daily work,
Thursday,6/7/2023,11:32â€¯am ,Wajihaa,I apologize you guys because I have no time to concentrate this grup,
Thursday,6/7/2023,11:32â€¯am ,Mahnoor Sikandar,That's great ğŸ‘,
Thursday,6/7/2023,11:33â€¯am ,Mahnoor Sikandar,Don't worry we understand your situationğŸ¤—ğŸ¤—,
Thursday,6/7/2023,11:33â€¯am ,Wajihaa,Thanks dear,
Thursday,6/7/2023,11:33â€¯am ,Wajihaa,â™¥ï¸,
Thursday,6/7/2023,11:35â€¯am ,Laraib  Mansoor,I'm making shami kabab ğŸ˜will you eat it??,
Thursday,6/7/2023,11:35â€¯am ,Wajihaa,Where is Amna Sehrish and Ayesha,
Thursday,6/7/2023,11:35â€¯am ,Wajihaa,Why not ğŸ˜,
Thursday,6/7/2023,11:36â€¯am ,Laraib  Mansoor,Okay come here babyğŸ¥°,
Thursday,6/7/2023,11:37â€¯am ,Wajihaa,Yesterday I make so many kabab for guests and I will so exhausted,
Thursday,6/7/2023,11:38â€¯am ,Wajihaa,,<Media omitted>
Thursday,6/7/2023,11:38â€¯am ,Wajihaa,It's nearly 150,
Thursday,6/7/2023,11:38â€¯am ,Wajihaa,Thanks alot ğŸ˜˜,
Thursday,6/7/2023,11:40â€¯am ,Mahnoor Sikandar,Why not . ğŸ«£ğŸ«£,
Thursday,6/7/2023,11:41â€¯am ,Mahnoor Sikandar,Ohhh that great ğŸ«¡ğŸ«¡,
Thursday,6/7/2023,11:48â€¯am ,Wajihaa,ğŸ¥°,
Thursday,6/7/2023,11:52â€¯am ,Wajihaa,Girls you have any idea about the month of sawan?,
Thursday,6/7/2023,11:53â€¯am ,Wajihaa,When its begining?,
Thursday,6/7/2023,12:01â€¯pm ,Mahnoor Sikandar,No dear I have no idea ğŸ˜,
Thursday,6/7/2023,12:02â€¯pm ,Wajihaa,Ok no problem,
Thursday,6/7/2023,12:03â€¯pm ,Wajihaa,You know I am allergic patientğŸ˜ the month of sawan is so difficult for me,
Thursday,6/7/2023,12:04â€¯pm ,Wajihaa,Thesa days I can face problem of allergy that's why I asking you it's month of sawan,
Thursday,6/7/2023,1:44â€¯pm ,Sehrish,MashaAllah â™¥ï¸,
Thursday,6/7/2023,1:44â€¯pm ,Sehrish,Ameen inshaAllah one day ğŸ’“,
Thursday,6/7/2023,1:44â€¯pm ,Sehrish,Oh really I can't believe that u can make any thingğŸ˜…,
Thursday,6/7/2023,1:44â€¯pm ,Sehrish,Oh good job dear,
Thursday,6/7/2023,1:44â€¯pm ,Sehrish,May Allah pak give u health,
Thursday,6/7/2023,3:11â€¯pm ,Amna,I am also busy guys bcz i also working on my project and no one here to guide me in this matterğŸ¥º,
Thursday,6/7/2023,5:29â€¯pm ,Laraib  Mansoor,From this 14,
Thursday,6/7/2023,5:33â€¯pm ,Mahnoor Sikandar,If anything u don't understand related to project u can take help to Ur supervisor ğŸ˜‰,
Thursday,6/7/2023,7:14â€¯pm ,Sehrish,Yeah in vu there is no one,
Thursday,6/7/2023,7:15â€¯pm ,Sehrish,This message was deleted,
Thursday,6/7/2023,7:16â€¯pm ,Mahnoor Sikandar,ğŸ¤£ğŸ¤£,
Thursday,6/7/2023,7:17â€¯pm ,Sehrish,Kci na dkha tu nhe jo mn na kaha,
Thursday,6/7/2023,7:17â€¯pm ,Mahnoor Sikandar,Speak in English ğŸ˜¡ğŸ˜¡,
Thursday,6/7/2023,7:18â€¯pm ,Sehrish,Oops,
Thursday,6/7/2023,7:18â€¯pm ,Sehrish,Is any one see what I writeğŸ¤£,
Thursday,6/7/2023,7:18â€¯pm ,Mahnoor Sikandar,NopğŸ˜‰ğŸ˜‰,
Thursday,6/7/2023,7:20â€¯pm ,Mahnoor Sikandar,https://www.tiktok.com/t/ZSLUNR6xU/,
Thursday,6/7/2023,7:21â€¯pm ,Sehrish,"Kind words can be short and easy to speak, but their echoes are truly endless.â€ â€“ Mother Teresa",
Thursday,6/7/2023,7:21â€¯pm ,Sehrish,Death is the golden key that opens the palace of eternity.â€ â€“ John Milton,
Thursday,6/7/2023,7:21â€¯pm ,Sehrish,"Never give up on your hard work, one day you will succeed",
Thursday,6/7/2023,7:21â€¯pm ,Sehrish,"All theory, dear friend, is gray, but the golden tree of life springs evergreen.â€ â€“ Johann Wolfgang von Goethe",
Thursday,6/7/2023,8:30â€¯pm ,Mahnoor Sikandar,ğŸ’¯ğŸ’¯,
Thursday,6/7/2023,8:30â€¯pm ,Wajihaa,Ok thanks,
Thursday,6/7/2023,9:39â€¯pm ,Mahnoor Sikandar,Hello everyone,
Friday,7/7/2023,10:34â€¯am ,Sehrish,Hi,
Friday,7/7/2023,10:34â€¯am ,Sehrish,How r you,
Friday,7/7/2023,10:34â€¯am ,Sehrish,Dear,
Friday,7/7/2023,10:55â€¯am ,Mahnoor Sikandar,I'm good,
Friday,7/7/2023,10:55â€¯am ,Mahnoor Sikandar,What about u,
Friday,7/7/2023,11:33â€¯am ,Sehrish,I m well,
Friday,7/7/2023,12:48â€¯pm ,"Sehrish added +92 344 4149464
",,
Friday,7/7/2023,12:52â€¯pm ,Sehrish,Well come,
Friday,7/7/2023,12:52â€¯pm ,Sehrish,Iqra,
Friday,7/7/2023,12:52â€¯pm ,Sehrish,To our group,
Friday,7/7/2023,12:52â€¯pm ,Sehrish,She is my cousin and frnd,
Friday,7/7/2023,12:57â€¯pm ,+92 344 4149464,Most welcome ğŸ¥°,
Friday,7/7/2023,12:57â€¯pm ,+92 344 4149464,Absolutely ğŸ¥°,
Friday,7/7/2023,2:15â€¯pm ,Mahnoor Sikandar,,"IMG-20230707-WA0000.jpg (file attached) Jumma Mubarak  â¤ï¸
"
Friday,7/7/2023,2:15â€¯pm ,Mahnoor Sikandar,,IMG-20230707-WA0002.jpg (file attached)
Friday,7/7/2023,2:26â€¯pm ,Mahnoor Sikandar,,IMG-20230707-WA0003.jpg (file attached)
Friday,7/7/2023,3:05â€¯pm ,Mahnoor Sikandar,https://www.instagram.com/reel/Ct8tbfStwvL/?igshid=M2MyMzgzODVlNw==,
Friday,7/7/2023,3:09â€¯pm ,Mahnoor Sikandar,https://www.instagram.com/reel/CsoGDEWoSI0/?igshid=M2MyMzgzODVlNw==,
Friday,7/7/2023,5:35â€¯pm ,Mahnoor Sikandar,Hello everyone,
Friday,7/7/2023,5:36â€¯pm ,Ayesha,Hello,
Friday,7/7/2023,5:37â€¯pm ,Ayesha,What are you doing feroz,
Friday,7/7/2023,6:35â€¯pm ,Mahnoor Sikandar,Who is froze here Ayesha ?,
Friday,7/7/2023,7:04â€¯pm ,Ayesha,Sorry durdana,
Friday,7/7/2023,7:04â€¯pm ,Ayesha,,STK-20230610-WA0008.webp (file attached)
Friday,7/7/2023,7:04â€¯pm ,Ayesha,,STK-20230610-WA0006.webp (file attached)
Friday,7/7/2023,10:12â€¯pm ,Sehrish,Ameen,
Friday,7/7/2023,10:12â€¯pm ,Sehrish,TrueğŸ’,
Friday,7/7/2023,10:13â€¯pm ,Sehrish,ğŸ’,
Friday,7/7/2023,10:13â€¯pm ,Sehrish,Who is feroz,
Friday,7/7/2023,10:14â€¯pm ,Sehrish,I think ayesha frndğŸ¤£u forget dear ayesha its female group,
Friday,7/7/2023,10:14â€¯pm ,Sehrish,Why r u enjoying soo much,
Friday,7/7/2023,10:15â€¯pm ,Sehrish,Iqra where r u ?in mom's home?,
Friday,7/7/2023,11:05â€¯pm ,+92 344 4149464,Yes I am in moms house,
Friday,7/7/2023,11:05â€¯pm ,+92 344 4149464,I am very tired,
Friday,7/7/2023,11:13â€¯pm ,Sehrish,Why,
Friday,7/7/2023,11:33â€¯pm ,Mahnoor Sikandar,Welcome iqra â¤ï¸â¤ï¸â¤ï¸,
Saturday,8/7/2023,12:24â€¯am ,+92 344 4149464,Becoz I am in tralvelingğŸ˜with baby tired Mee Soo much...,
Saturday,8/7/2023,12:24â€¯am ,+92 344 4149464,ğŸ¤—,
Saturday,8/7/2023,12:33â€¯am ,+92 344 4149464,Any our family member available ğŸ¤”,
Saturday,8/7/2023,11:32â€¯am ,Mahnoor Sikandar,Assalam o alaikum everyone ğŸŒ,
Saturday,8/7/2023,11:32â€¯am ,Mahnoor Sikandar,How are u all,
Saturday,8/7/2023,3:46â€¯pm ,Sehrish,Waalikum assalam,
Saturday,8/7/2023,3:46â€¯pm ,Sehrish,Well,
Saturday,8/7/2023,3:46â€¯pm ,Sehrish,What r you doing,
Saturday,8/7/2023,3:53â€¯pm ,Mahnoor Sikandar,Taking lectures,
Saturday,8/7/2023,3:53â€¯pm ,Mahnoor Sikandar,Nd what about u,
Saturday,8/7/2023,3:54â€¯pm ,Sehrish,Nothing not taking lectures and I have not even done 1 assignment,
Saturday,8/7/2023,3:55â€¯pm ,Mahnoor Sikandar,Is there an internet there ??,
Saturday,8/7/2023,3:58â€¯pm ,Sehrish,Yeah I have done the pkg today,
Saturday,8/7/2023,3:59â€¯pm ,Sehrish,Actually my sim was blocked that why my internet was not working,
Saturday,8/7/2023,4:00â€¯pm ,Mahnoor Sikandar,Sehrish no one come in this group why ???,
Saturday,8/7/2023,4:01â€¯pm ,Sehrish,I will work from today on assignments InshAllah,
Saturday,8/7/2023,4:01â€¯pm ,Mahnoor Sikandar,How we will make this project if no one chatted here..ğŸ˜¢ğŸ˜¢,
Saturday,8/7/2023,4:01â€¯pm ,Mahnoor Sikandar,Inshallahhh,
Saturday,8/7/2023,4:02â€¯pm ,Sehrish,Yeah it's a big problem,
Saturday,8/7/2023,4:02â€¯pm ,Sehrish,I think all girls r buzy,
Saturday,8/7/2023,4:03â€¯pm ,Mahnoor Sikandar,These days i just give focus on project rather than assignments,
Saturday,8/7/2023,4:03â€¯pm ,Sehrish,Amna what's your progress,
Saturday,8/7/2023,4:03â€¯pm ,Mahnoor Sikandar,ğŸ¥ºğŸ¥º,
Saturday,8/7/2023,4:03â€¯pm ,Sehrish,Do you got any information about how to convert in exel,
Saturday,8/7/2023,4:07â€¯pm ,Mahnoor Sikandar,Yeah I have some info how we convert in into Excel,
Saturday,8/7/2023,4:07â€¯pm ,Sehrish,Oh great,
Saturday,8/7/2023,4:08â€¯pm ,Sehrish,Kindly all girls come in this group when they r free,
Saturday,8/7/2023,4:11â€¯pm ,Sehrish,Half chats in this group are of invitation ğŸ¤£plz come here,
Saturday,8/7/2023,4:11â€¯pm ,Sehrish,Etc,
Saturday,8/7/2023,4:35â€¯pm ,Mahnoor Sikandar,Yeah ğŸ‘,
Saturday,8/7/2023,4:54â€¯pm ,Laraib  Mansoor,I have read your chats side by side I'm sorry i can't give you proper time. You know I'm a house wife so i have busy schedule.,
Saturday,8/7/2023,4:58â€¯pm ,Wajihaa,I know very well because I am also a house wife,
Saturday,8/7/2023,6:25â€¯pm ,Mahnoor Sikandar,https://www.instagram.com/reel/CqAiYkEOALc/?igshid=NjIwNzIyMDk2Mg==,
Saturday,8/7/2023,6:34â€¯pm ,Amna,Me too ..i am also tensed about my project,
Saturday,8/7/2023,6:41â€¯pm ,Mahnoor Sikandar,What progress about Ur project .?,
Saturday,8/7/2023,6:41â€¯pm ,Mahnoor Sikandar,How much remaining work .??,
Saturday,8/7/2023,6:47â€¯pm ,Amna,I have done functional and non functional requirements,
Saturday,8/7/2023,6:48â€¯pm ,Amna,But there are 5 other assignments remaining which i have to complete till 11 july,
Saturday,8/7/2023,6:50â€¯pm ,Mahnoor Sikandar,Ahhh that's great ğŸ˜ƒğŸ‘,
Saturday,8/7/2023,6:50â€¯pm ,Mahnoor Sikandar,I also,
Saturday,8/7/2023,6:52â€¯pm ,Mahnoor Sikandar,But in these days I just focus on making project ğŸ˜”,
Saturday,8/7/2023,6:52â€¯pm ,Mahnoor Sikandar,I cant take time on taking lectures and making assignments,
Saturday,8/7/2023,6:53â€¯pm ,Amna,Same here,
Saturday,8/7/2023,6:54â€¯pm ,Amna,Yup..it is difficult to manage all stuff,
Saturday,8/7/2023,6:54â€¯pm ,Mahnoor Sikandar,Yeah ğŸ˜¢,
Saturday,8/7/2023,6:56â€¯pm ,Amna,But in shaa Allah we will do itğŸ‘,
Saturday,8/7/2023,6:57â€¯pm ,Sehrish,Oh my GodğŸ¥²I know you guys have busy schedule,
Saturday,8/7/2023,6:58â€¯pm ,Sehrish,InshAllah,
Saturday,8/7/2023,6:59â€¯pm ,Amna,Yes sehrish.. what's your progress,
Saturday,8/7/2023,6:59â€¯pm ,Mahnoor Sikandar,Inshallahhhh ğŸ˜ŠğŸ˜Š,
Saturday,8/7/2023,9:04â€¯pm ,"Aimann joined using this group's invite link
",,
Saturday,8/7/2023,9:23â€¯pm ,Aiman,"I,m sorry i am not concentrate in group because when me online then this chat is enough. ğŸ˜ŠğŸ™ğŸ˜",
Saturday,8/7/2023,9:24â€¯pm ,Sehrish,Welcome in this group dearğŸ’“,
Saturday,8/7/2023,9:24â€¯pm ,Aiman,Most welcome dearğŸ˜˜,
Saturday,8/7/2023,9:25â€¯pm ,Sehrish,When you have tym you can chat here,
Saturday,8/7/2023,9:25â€¯pm ,Aiman,And my blessing for all you. ğŸ’‹ğŸ˜˜,
Saturday,8/7/2023,9:25â€¯pm ,Sehrish,You can send links and pics here,
Saturday,8/7/2023,9:25â€¯pm ,Sehrish,ThnkoooğŸ’“,
Saturday,8/7/2023,9:26â€¯pm ,Aiman,"Actually, me online in two times in a dayğŸ˜‚ğŸ˜‰",
Saturday,8/7/2023,9:28â€¯pm ,Sehrish,Hello ayimen how r yiu,
Saturday,8/7/2023,9:29â€¯pm ,Aiman,Hello,
Saturday,8/7/2023,9:29â€¯pm ,Aiman,This message was deleted,
Saturday,8/7/2023,9:30â€¯pm ,Aiman,"I am not fine, what about you",
Saturday,8/7/2023,9:30â€¯pm ,Sehrish,I m good but why you r not fine,
Saturday,8/7/2023,9:31â€¯pm ,Aiman,Nothing serious but I am feel very weak,
Saturday,8/7/2023,9:32â€¯pm ,Sehrish,This message was deleted,
Saturday,8/7/2023,9:33â€¯pm ,Sehrish,It seems to me you are very careless about your health. May be you do not take physical exercise regularly.,
Saturday,8/7/2023,9:34â€¯pm ,Aiman,Yes u are absolutely right. I am habituated to take physically exercise,
Saturday,8/7/2023,9:34â€¯pm ,Aiman,Not*,
Saturday,8/7/2023,9:34â€¯pm ,Sehrish,"You should take physical exercise regularly. Apart from this, you should have a balanced diet to keep yourself fit.",
Saturday,8/7/2023,9:34â€¯pm ,Aiman,Yes u are right,
Saturday,8/7/2023,9:35â€¯pm ,Sehrish,"If you do not take physical  regularly, you cannot keep yourself fit and do anything properly. Besides, you will become idle.",
Saturday,8/7/2023,9:37â€¯pm ,Aiman,It seems tome you are absolutely collect. Now tell me what I should do,
Saturday,8/7/2023,9:38â€¯pm ,Sehrish,"should take physical exercise regularly. Apart from this, you should have a balanced diet to keep yourself fit.",
Saturday,8/7/2023,9:39â€¯pm ,Aiman,What do u mean by a balance diet. Please tell me in detail,
Saturday,8/7/2023,9:39â€¯pm ,Sehrish,A balanced diet means to take regular food containing all the necessary ingredients needed for health in right proportion.,
Saturday,8/7/2023,9:41â€¯pm ,Aiman,I see both taking physical exercises and eating a balance diet regularly are very important for good health,
Saturday,8/7/2023,9:41â€¯pm ,Sehrish,Exactly! I hope you will follow both of the rules to keep yourself fit.,
Saturday,8/7/2023,9:41â€¯pm ,Aiman,I highly appreciate your wise suggestions. Thanks,
Saturday,8/7/2023,9:45â€¯pm ,Sehrish,You are most welcome.,
Sunday,9/7/2023,10:35â€¯am ,Mahnoor Sikandar,Assalam o alaikum everyone,
Sunday,9/7/2023,10:35â€¯am ,Mahnoor Sikandar,How r u all,
Sunday,9/7/2023,10:36â€¯am ,Aimann,Wa alaikum aslam,
Sunday,9/7/2023,10:36â€¯am ,Aimann,Fine ALHAMDULILAH,
Sunday,9/7/2023,10:36â€¯am ,Aimann,What about  you..,
Saturday,9/7/2023,10:37â€¯am ,Mahnoor Sikandar,Alhamduliallah I'm good,
Sunday,9/7/2023,10:38â€¯am ,Mahnoor Sikandar,What r u doing right now ??,
Sunday,9/7/2023,10:39â€¯am ,Aimann,Just wasting  time... ğŸ˜‚,
Sunday,9/7/2023,10:40â€¯am ,Mahnoor Sikandar,U r not taking admission ?,
Sunday,9/7/2023,10:41â€¯am ,Aimann,Next month INSHALLAH...,
Sunday,9/7/2023,10:41â€¯am ,Aimann,You know what?Recently I have opened a social media account.,
Sunday,9/7/2023,10:42â€¯am ,Mahnoor Sikandar,Could u plz let me know why u have opened the account ?,
Sunday,9/7/2023,10:42â€¯am ,Aimann,"The present age is an age of globalization. It is Internet which has made the world a global village. So, I think I should have a social media account.
",
Sunday,9/7/2023,10:43â€¯am ,Mahnoor Sikandar,It's ok if Ur aim is positive Nd fair ğŸ‘,
Sunday,9/7/2023,10:43â€¯am ,Aimann,"Of course, my aim is positive and fair. My account is the most popular social networking site that helps us to connect our relatives and friends living different parts in the world.ğŸ¤ŒğŸ»",
Sunday,9/7/2023,10:44â€¯am ,Mahnoor Sikandar,U r correct ğŸ’¯ but u have to remain cautious about connecting unknown people ğŸ˜•,
Sunday,9/7/2023,10:45â€¯am ,Aimann,Strange indeed! What is the problem if l connect unknown people?ğŸ™„,
Sunday,9/7/2023,10:45â€¯am ,Mahnoor Sikandar,U have raised a good question . ğŸ¥°,
Sunday,9/7/2023,10:46â€¯am ,Mahnoor Sikandar,U know some recent incidents occured in different s parts of the country,
Sunday,9/7/2023,10:46â€¯am ,Aimann,Yes i knowğŸ™ŒğŸ»,
Sunday,9/7/2023,10:47â€¯am ,Aimann,Anarchy in different parts of the world is taking place through social media. Arab spring was also spread through social media.,
Sunday,9/7/2023,10:47â€¯am ,Mahnoor Sikandar,Exactly ğŸ’¯ don't be too much addicted to social media ğŸ˜,
Sunday,9/7/2023,10:47â€¯am ,Mahnoor Sikandar,"If u become addicted to it , it will hamper Ur study",
Sunday,9/7/2023,10:49â€¯am ,Aimann,"Yes, ğŸ‘ğŸ»",
Sunday,9/7/2023,10:49â€¯am ,Aimann,I see your concern is for my wellÂ­being.,
Sunday,9/7/2023,10:49â€¯am ,Aimann,ğŸ˜Šâ¤,
Sunday,9/7/2023,10:49â€¯am ,Mahnoor Sikandar,Ur absolutely ğŸ‘I hope u will never deviate from the right path ğŸ˜Š,
Sunday,9/7/2023,10:52â€¯am ,Aimann,Thank you so much  ...  ğŸ«¶ğŸ»,
Sunday,9/7/2023,10:52â€¯am ,Mahnoor Sikandar,ğŸ¥°ğŸ¥°,
Sunday,9/7/2023,10:54â€¯am ,Mahnoor Sikandar,What's Ur daily routine in these days ??,
Sunday,9/7/2023,12:18â€¯pm ,Aimann,"I just follow three tasks  in these  days 1Sleeping  2Eating  3 Using Mobile
  ğŸ˜‚
",
Sunday,9/7/2023,12:59â€¯pm ,Mahnoor Sikandar,ğŸ¤¨ğŸ¤¨,
Sunday,9/7/2023,1:07â€¯pm ,Aimann,Nothing  else ğŸ˜‚ğŸ˜‚,
Sunday,9/7/2023,1:07â€¯pm ,Aimann,What about  your   routine  .. nowadays...,
Sunday,9/7/2023,1:17â€¯pm ,Mahnoor Sikandar,"These days , I just taking lectures, making assignments and work for the project ğŸ˜«ğŸ˜«",
Sunday,9/7/2023,1:31â€¯pm ,Aimann,POV: hardworking  girl,
Sunday,9/7/2023,2:21â€¯pm ,Sehrish,Good job,
Sunday,9/7/2023,2:21â€¯pm ,Sehrish,Dear,
Sunday,9/7/2023,8:03â€¯pm ,Sehrish,Aoa,
Sunday,9/7/2023,8:04â€¯pm ,Sehrish,How r u girls,
Sunday,9/7/2023,8:04â€¯pm ,Sehrish,Whats going on,
Sunday,9/7/2023,8:04â€¯pm ,Mahnoor Sikandar,W salam,
Sunday,9/7/2023,8:04â€¯pm ,Mahnoor Sikandar,I'm fine,
Sunday,9/7/2023,8:04â€¯pm ,Mahnoor Sikandar,Nd u ??,
Sunday,9/7/2023,8:05â€¯pm ,Sehrish,I m pretty good,
Sunday,9/7/2023,8:05â€¯pm ,Sehrish,What's up,
Sunday,9/7/2023,8:08â€¯pm ,Mahnoor Sikandar,Nothing ğŸ˜”,
Sunday,9/7/2023,9:12â€¯pm ,Sehrish,ayesha rasheed where are you wandering?,
Sunday,9/7/2023,9:18â€¯pm ,Sehrish,Wajia zahid what's your activities in these days?,
Sunday,9/7/2023,9:51â€¯pm ,Wajihaa,I am very busy in these days,
Sunday,9/7/2023,10:09â€¯pm ,Sehrish,Why,
Monday,10/7/2023,12:01â€¯am ,Wajihaa,Because guest are coming,
Monday,10/7/2023,9:05â€¯am ,Mahnoor Sikandar,"Each new day is a blessing . Let go of all worries and be grateful for all the positive in your life ğŸ¥° Gud morning everyone ğŸŒğŸ˜Œ
",
Monday,10/7/2023,9:17â€¯am ,Mahnoor Sikandar,Assalam o alaikum,
Monday,10/7/2023,9:17â€¯am ,Mahnoor Sikandar,How r u all??,
Monday,10/7/2023,9:44â€¯am ,Aimann,Wa alaikum aslam,
Monday,10/7/2023,9:45â€¯am ,Aimann,Absolutely    fine ....,
Monday,10/7/2023,9:45â€¯am ,Aimann,Nd how r uh?,
Monday,10/7/2023,10:18â€¯am ,Mahnoor Sikandar,https://www.instagram.com/reel/Cue8Dp1N0_l/?igshid=ODJiZmNhM2IxNg==,
Monday,10/7/2023,10:18â€¯am ,Mahnoor Sikandar,Alhamduliallah I'm good ğŸ˜Š,
Monday,10/7/2023,10:35â€¯am ,Mahnoor Sikandar,,IMG-20230710-WA0001.jpg (file attached)
Monday,10/7/2023,10:36â€¯am ,Mahnoor Sikandar,,IMG-20230710-WA0003.jpg (file attached)
Monday,10/7/2023,11:18â€¯am ,Aimann,ğŸ’¯,
Monday,10/7/2023,11:57â€¯am ,Sehrish,ğŸ’“,
Monday,10/7/2023,11:57â€¯am ,Sehrish,Waalikum assalam,
Monday,10/7/2023,11:57â€¯am ,Sehrish,I  m well,
Monday,10/7/2023,11:58â€¯am ,Sehrish,ğŸ’“,
Monday,10/7/2023,11:58â€¯am ,Sehrish,Reality ğŸ’“,
Tuesday,11/7/2023,5:14â€¯am ,Aimann,https://youtube.com/watch?v=tnsCC2E4SY8&feature=share8,
Tuesday,11/7/2023,10:40â€¯am ,Mahnoor Sikandar,Assalam o alaikum,
Tuesday,11/7/2023,10:40â€¯am ,Mahnoor Sikandar,How are u all,
Tuesday,11/7/2023,10:54â€¯am ,Aimann,Wa alaikum aslam,
Tuesday,11/7/2023,10:55â€¯am ,Aimann,Alhamdulilah  fine ...,
Tuesday,11/7/2023,10:55â€¯am ,Aimann,How r u?,
Tuesday,11/7/2023,11:10â€¯am ,Mahnoor Sikandar,Alhamduliallah I'm fine,
Tuesday,11/7/2023,11:11â€¯am ,Mahnoor Sikandar,What r u doing ??,
Tuesday,11/7/2023,11:43â€¯am ,Aimann,Nothing  special.. routine   tasks..,
Tuesday,11/7/2023,11:50â€¯am ,Mahnoor Sikandar,Where is everyone else busy ?,
Tuesday,11/7/2023,11:51â€¯am ,Mahnoor Sikandar,Good ğŸ˜Š,
Tuesday,11/7/2023,12:07â€¯pm ,Sehrish,Alhumdullilah fine,
Tuesday,11/7/2023,12:07â€¯pm ,Sehrish,In waiting for internet,
Tuesday,11/7/2023,12:10â€¯pm ,Mahnoor Sikandar,There is also a lot of internet problem here,
Tuesday,11/7/2023,12:10â€¯pm ,Sehrish,Why?,
Tuesday,11/7/2023,12:11â€¯pm ,Mahnoor Sikandar,Internet is running slow ğŸ˜”,
Tuesday,11/7/2023,12:11â€¯pm ,Sehrish,Is there is any strike or anything else?,
Tuesday,11/7/2023,12:12â€¯pm ,Mahnoor Sikandar,I have no idea,
Tuesday,11/7/2023,12:34â€¯pm ,Sehrish,,<Media omitted>
Tuesday,11/7/2023,12:36â€¯pm ,Mahnoor Sikandar,ğŸ’¯ğŸ’¯,
Tuesday,11/7/2023,12:44â€¯pm ,"Sehrish removed +92 344 4149464
",,
Tuesday,11/7/2023,12:49â€¯pm ,"Sehrish added +92 317 4215515
",,
Tuesday,11/7/2023,12:51â€¯pm ,Sehrish,Hello,
Tuesday,11/7/2023,12:52â€¯pm ,Mahnoor Sikandar,Hy,
Tuesday,11/7/2023,12:52â€¯pm ,+92 317 4215515,Hi,
Tuesday,11/7/2023,12:52â€¯pm ,Sehrish,"Hey, have you noticed how bad pollution has gotten lately? It's really concerning.",
Tuesday,11/7/2023,12:54â€¯pm ,+92 317 4215515,Absolutely it's quite alarming how our environment is being affected by pollution. We need to take some serious action to address the issue.,
Tuesday,11/7/2023,12:54â€¯pm ,Sehrish,Definitely! The air quality in our city has deteriorated significantly. The emissions from vehicles and industries are causing so much harm to our health and the planet.,
Tuesday,11/7/2023,12:58â€¯pm ,+92 317 4215515,"I agree. it's not just the air pollution, water and soil pollution are also major concerns. Contaminated water bodies and soil can have long lasting effects on ecosystem and human well-beings.",
Tuesday,11/7/2023,1:00â€¯pm ,Sehrish,"We can't ignore the role of plastic pollution either. Our oceans are filled with plastic waste, harming marine life and entering our food chain. We need to reduce our plastic consumption and promote recycling.",
Tuesday,11/7/2023,1:13â€¯pm ,+92 317 4215515,Absolutely and let's not forget about the impact on climate change. The release of green house gases is causing global warming and disrupting our weather patterns. It's a threat to our future.,
Tuesday,11/7/2023,1:13â€¯pm ,Sehrish,"Absolutely. Governments and industries should prioritize sustainable practices, invest in clean energy sources, and enforce stricter environmental regulations. We need collective efforts to make a significant difference.",
Tuesday,11/7/2023,1:14â€¯pm ,+92 317 4215515,: I completely agree. It's crucial for us to spread awareness and educate others about the impact of pollution. We must work together to protect our environment and create a healthier and sustainable future for everyone.,
Tuesday,11/7/2023,1:17â€¯pm ,Sehrish,"Indeed. Our actions today will determine the quality of life for future generations. Let's do our part and encourage others to join us in tackling pollution. Together, we can make a positive change.",
Tuesday,11/7/2023,1:20â€¯pm ,Mahnoor Sikandar,"Yes, you guys are talking about a very serious issue ğŸ˜",
Tuesday,11/7/2023,1:24â€¯pm ,Mahnoor Sikandar,We urgently need to solve this problem,
Tuesday,11/7/2023,1:26â€¯pm ,Aimann,Obviously   itx a major issue,
Tuesday,11/7/2023,2:31â€¯pm ,Mahnoor Sikandar,Hey guys .,
Tuesday,11/7/2023,2:32â€¯pm ,Mahnoor Sikandar,What are u all doing ??,
Tuesday,11/7/2023,3:06â€¯pm ,Aimann,Hlooo...,
Tuesday,11/7/2023,3:07â€¯pm ,Aimann,Studying,
Tuesday,11/7/2023,3:07â€¯pm ,Aimann,And  uh??,
Tuesday,11/7/2023,3:12â€¯pm ,Mahnoor Sikandar,Nothing special ğŸ˜‰,
Tuesday,11/7/2023,3:19â€¯pm ,Mahnoor Sikandar,https://youtu.be/UwmnKbmET1Q,
Tuesday,11/7/2023,3:23â€¯pm ,Mahnoor Sikandar,https://www.instagram.com/reel/CqLOrWOpeeI/?igshid=NjIwNzIyMDk2Mg==,
Tuesday,11/7/2023,3:29â€¯pm ,Mahnoor Sikandar,https://www.instagram.com/reel/CtZChaTJU9K/?igshid=NjIwNzIyMDk2Mg==,
Tuesday,11/7/2023,3:31â€¯pm ,Mahnoor Sikandar,https://www.instagram.com/reel/CtbTjcNtxCB/?igshid=NjIwNzIyMDk2Mg==,
Tuesday,11/7/2023,3:34â€¯pm ,Mahnoor Sikandar,,IMG-20230711-WA0007.jpg (file attached)
Tuesday,11/7/2023,4:07â€¯pm ,Mahnoor Sikandar,,IMG-20230711-WA0009.jpg (file attached)
Tuesday,11/7/2023,4:10â€¯pm ,Mahnoor Sikandar,,IMG-20230711-WA0011.jpg (file attached)
Tuesday,11/7/2023,4:11â€¯pm ,Mahnoor Sikandar,,VID-20230711-WA0012.mp4 (file attached)
Tuesday,11/7/2023,4:17â€¯pm ,Mahnoor Sikandar,https://www.tiktok.com/t/ZSLfNhN95/,
Tuesday,11/7/2023,4:18â€¯pm ,Mahnoor Sikandar,,VID-20230711-WA0014.mp4 (file attached)
Tuesday,11/7/2023,4:20â€¯pm ,Mahnoor Sikandar,,VID-20230711-WA0015.mp4 (file attached)
Tuesday,11/7/2023,4:22â€¯pm ,Mahnoor Sikandar,https://www.instagram.com/reel/CugZkJVKZwM/?igshid=M2MyMzgzODVlNw==,
Tuesday,11/7/2023,4:23â€¯pm ,Mahnoor Sikandar,https://www.instagram.com/reel/Ctjnt-UoApP/?igshid=NjIwNzIyMDk2Mg==,
Tuesday,11/7/2023,4:23â€¯pm ,Mahnoor Sikandar,https://www.instagram.com/reel/CtzLQM-gfVR/?igshid=NjIwNzIyMDk2Mg==,
Tuesday,11/7/2023,4:27â€¯pm ,Mahnoor Sikandar,Is there anyone here ?,
Tuesday,11/7/2023,4:32â€¯pm ,Mahnoor Sikandar,https://www.instagram.com/reel/Ct-QvmHOgqU/?igshid=NjIwNzIyMDk2Mg==,
Tuesday,11/7/2023,4:37â€¯pm ,Aimann,Always ğŸ™‹â€â™€ï¸,
Tuesday,11/7/2023,4:42â€¯pm ,Mahnoor Sikandar,Hey aiman ğŸ‘‹,
Tuesday,11/7/2023,4:42â€¯pm ,Mahnoor Sikandar,How r u,
Tuesday,11/7/2023,4:48â€¯pm ,Aimann,Hye Noor...,
Tuesday,11/7/2023,4:48â€¯pm ,Aimann,Fir and fine...,
Tuesday,11/7/2023,4:48â€¯pm ,Aimann,What r going on?,
Tuesday,11/7/2023,4:49â€¯pm ,Mahnoor Sikandar,"Nothing special, I will start studying for a while",
Tuesday,11/7/2023,4:50â€¯pm ,Mahnoor Sikandar,What r u doing ??,
Tuesday,11/7/2023,4:50â€¯pm ,Aimann,On the way ... to airport...,
Tuesday,11/7/2023,4:52â€¯pm ,Mahnoor Sikandar,Why r u going ?? Someone is coming or going ? ğŸ¤”ğŸ¤”,
Tuesday,11/7/2023,4:53â€¯pm ,Aimann,Yes my uncle  and aunt  performs haaj ...,
Tuesday,11/7/2023,4:53â€¯pm ,Aimann,For there  welcome  purpose  we r going..,
Tuesday,11/7/2023,4:54â€¯pm ,Mahnoor Sikandar,Mashallahhh mashallahhh â¤ï¸ congratulations ğŸ‰,
Tuesday,11/7/2023,4:55â€¯pm ,Aimann,JazkAllah â¤,
Tuesday,11/7/2023,4:55â€¯pm ,Mahnoor Sikandar,May Allah bless us all with this journey .. amennn â¤ï¸â¤ï¸,
Tuesday,11/7/2023,4:55â€¯pm ,Aimann,Ameen ... may  your  this wish  comes true..ğŸ’–,
Tuesday,11/7/2023,4:56â€¯pm ,Mahnoor Sikandar,Ameen Sum ameennğŸ¥°ğŸ¥°,
Tuesday,11/7/2023,4:58â€¯pm ,Mahnoor Sikandar,,IMG-20230711-WA0017.jpg (file attached)
Tuesday,11/7/2023,4:58â€¯pm ,Mahnoor Sikandar,,IMG-20230711-WA0016.jpg (file attached)
Tuesday,11/7/2023,4:59â€¯pm ,Aimann,Exactly...,
Tuesday,11/7/2023,5:00â€¯pm ,Aimann,Itx gude diff b/w   knowing  and understanding  someone,
Tuesday,11/7/2023,5:01â€¯pm ,Mahnoor Sikandar,ğŸ’¯ğŸ’¯,
Tuesday,11/7/2023,5:01â€¯pm ,Aimann,You should  be your  first  priority ..,
Tuesday,11/7/2023,5:01â€¯pm ,Mahnoor Sikandar,Exactly ğŸ’¯,
Tuesday,11/7/2023,5:01â€¯pm ,Aimann,Huge*,
Tuesday,11/7/2023,5:02â€¯pm ,Aimann,Mahnoor???,
Tuesday,11/7/2023,5:03â€¯pm ,Aimann,have you ever thought about how important online studies have become these days?,
Tuesday,11/7/2023,5:03â€¯pm ,Mahnoor Sikandar,Absolutely!,
Tuesday,11/7/2023,5:04â€¯pm ,Mahnoor Sikandar,Online studies have really transformed the way we learn and acquire knowledge,
Tuesday,11/7/2023,5:05â€¯pm ,Aimann,I completely agree...ğŸ’¯,
Tuesday,11/7/2023,5:05â€¯pm ,Mahnoor Sikandar,It's amazing how technology  has made education accessible to many people,
Tuesday,11/7/2023,5:06â€¯pm ,Aimann,"One of the biggest advantages of online studies is the convenience it offers. We can learn from anywhere and at any time that suits us. It eliminates the need to commute to a physical location, saving us time and energy.",
Tuesday,11/7/2023,5:06â€¯pm ,Mahnoor Sikandar,"Definitely , and not only that online studies provide us a wide range of courses and programs to choose",
Tuesday,11/7/2023,5:07â€¯pm ,Mahnoor Sikandar,It opens up to opportunities for us to explore diverse subjects and gain specialized knowledge,
Tuesday,11/7/2023,5:08â€¯pm ,Aimann,That's   obviously  trueğŸ’¯,
Tuesday,11/7/2023,5:08â€¯pm ,Aimann,Another great aspect of online studies is the flexibility it provides. We can study at our own pace and set our own schedules. It's perfect for those who have other commitments like jobs or family responsibilities. It allows us to balance our personal and professional lives while continuing our education,
Tuesday,11/7/2023,5:08â€¯pm ,Mahnoor Sikandar,Absolutely ğŸ’¯ flexibility is a key,
Tuesday,11/7/2023,5:09â€¯pm ,Mahnoor Sikandar,Online studies also promote self discipline and self motivation,
Tuesday,11/7/2023,5:10â€¯pm ,Aimann,I couldn't agree more....,
Tuesday,11/7/2023,5:10â€¯pm ,Aimann,ğŸ™ŒğŸ»,
Tuesday,11/7/2023,5:11â€¯pm ,Mahnoor Sikandar,That's a gr8 point,
Tuesday,11/7/2023,5:11â€¯pm ,Aimann,"online studies often encourage interactive and collaborative learning. Through discussion forums, virtual classrooms, and group projects, we can engage with fellow students from different backgrounds and cultures. It enhances our communication and teamwork skills while fostering a global perspective.",
Tuesday,11/7/2023,5:11â€¯pm ,Mahnoor Sikandar,Absolutely,
Tuesday,11/7/2023,5:12â€¯pm ,Mahnoor Sikandar,We can choose the learning method that suits us best â˜ºï¸,
Tuesday,11/7/2023,5:13â€¯pm ,Aimann,Absolutely. And let's not forget the environmental benefits of online studies,
Tuesday,11/7/2023,5:13â€¯pm ,Aimann,"By reducing the need for physical transportation and infrastructure, it contributes to the conservation of natural resources and reduces carbon emissions. It's a step towards a more sustainable and eco-friendly education system",
Tuesday,11/7/2023,5:13â€¯pm ,Mahnoor Sikandar,U r right ğŸ‘,
Tuesday,11/7/2023,5:14â€¯pm ,Mahnoor Sikandar,"Online studies have undoubtedly revolutionzed the way we learn ,",
Tuesday,11/7/2023,5:14â€¯pm ,Mahnoor Sikandar,They have become integral part of our lives,
Tuesday,11/7/2023,5:15â€¯pm ,Mahnoor Sikandar,"Nd it's important to make Nd embrace the most of this digital era,",
Tuesday,11/7/2023,5:15â€¯pm ,Aimann,"I couldn't have said it better myself. Online studies have brought education to our fingertips, and it's up to us to utilize this incredible tool to enhance our knowledge and skills",
Tuesday,11/7/2023,5:15â€¯pm ,Aimann,Let's continue to embrace the advantages of online learning and make the most of the opportunities it provides us,
Tuesday,11/7/2023,5:15â€¯pm ,Mahnoor Sikandar,ğŸ’¯ğŸ’¯,
Wednesday,12/7/2023,10:53â€¯am ,Sehrish,AmeenğŸ’,
Wednesday,12/7/2023,10:56â€¯am ,Sehrish,https://www.tiktok.com/@taimoorzahid5/video/7232652016873491717?_r=1&u_code=e6hgegd29f388l&preview_pb=0&sharer_language=en&_d=e6hge4ll4l9aj9&share_item_id=7232652016873491717&source=h5_m&timestamp=1689098235&user_id=7204883917500613638&sec_user_id=MS4wLjABAAAAC7LZPlkczZ8O6qX0xMsA9OD8tIgEYV1Fh0PR3tcu6RtdKQktCdKTZ4T3_dE2NyUK&social_share_type=0&utm_source=copy&utm_campaign=client_share&utm_medium=android&share_iid=7244602600111474438&share_link_id=d885f42e-0580-489c-bacb-b31e3790c072&share_app_id=1233&ugbiz_name=Main&ug_btm=b2001,
Wednesday,12/7/2023,11:15â€¯am ,Sehrish,https://www.instagram.com/reel/CttM9LZozdb/?igshid=MzRlODBiNWFlZA==,
Wednesday,12/7/2023,11:15â€¯am ,Sehrish,https://www.instagram.com/reel/CsL8YifJGWY/?igshid=MzRlODBiNWFlZA==,
Wednesday,12/7/2023,12:16â€¯pm ,Sehrish,,IMG-20230712-WA0018.jpg (file attached)
Wednesday,12/7/2023,12:16â€¯pm ,Sehrish,,IMG-20230712-WA0017.jpg (file attached)
Wednesday,12/7/2023,12:16â€¯pm ,Sehrish,,IMG-20230712-WA0016.jpg (file attached)
Wednesday,12/7/2023,12:16â€¯pm ,Sehrish,,IMG-20230712-WA0015.jpg (file attached)
Wednesday,12/7/2023,12:16â€¯pm ,Sehrish,,IMG-20230712-WA0013.jpg (file attached)
Wednesday,12/7/2023,12:16â€¯pm ,Sehrish,,IMG-20230712-WA0011.jpg (file attached)
Wednesday,12/7/2023,12:16â€¯pm ,Sehrish,,IMG-20230712-WA0010.jpg (file attached)
Wednesday,12/7/2023,12:16â€¯pm ,Sehrish,,IMG-20230712-WA0009.jpg (file attached)
Wednesday,12/7/2023,12:16â€¯pm ,Sehrish,,IMG-20230712-WA0008.jpg (file attached)
Wednesday,12/7/2023,12:16â€¯pm ,Sehrish,,IMG-20230712-WA0007.jpg (file attached)
Wednesday,12/7/2023,12:16â€¯pm ,Sehrish,,IMG-20230712-WA0012.jpg (file attached)
Wednesday,12/7/2023,12:19â€¯pm ,Sehrish,,IMG-20230712-WA0029.jpg (file attached)
Wednesday,12/7/2023,12:19â€¯pm ,Sehrish,,IMG-20230712-WA0028.jpg (file attached)
Wednesday,12/7/2023,12:19â€¯pm ,Sehrish,,IMG-20230712-WA0027.jpg (file attached)
Wednesday,12/7/2023,12:19â€¯pm ,Sehrish,,IMG-20230712-WA0026.jpg (file attached)
Wednesday,12/7/2023,12:24â€¯pm ,Sehrish,https://www.instagram.com/p/CukMAnno-86/?igshid=MzRlODBiNWFlZA==,
Wednesday,12/7/2023,12:27â€¯pm ,Sehrish,https://www.instagram.com/reel/CtvtudeI5OP/?igshid=MzRlODBiNWFlZA==,
Wednesday,12/7/2023,12:27â€¯pm ,Sehrish,https://www.instagram.com/reel/CslV9_IulxZ/?igshid=MzRlODBiNWFlZA==,
Wednesday,12/7/2023,12:27â€¯pm ,Sehrish,https://www.instagram.com/reel/CuPQzuVAqDM/?igshid=MzRlODBiNWFlZA==,
Wednesday,12/7/2023,12:27â€¯pm ,Sehrish,https://www.instagram.com/reel/CsWnARdLQFm/?igshid=MzRlODBiNWFlZA==,
Wednesday,12/7/2023,12:27â€¯pm ,Sehrish,https://www.instagram.com/reel/CrpXFRYrF4y/?igshid=MzRlODBiNWFlZA==,
Wednesday,12/7/2023,12:37â€¯pm ,Mahnoor Sikandar,,IMG-20230712-WA0032.jpg (file attached)
Wednesday,12/7/2023,12:37â€¯pm ,Mahnoor Sikandar,,IMG-20230712-WA0034.jpg (file attached)
Wednesday,12/7/2023,12:37â€¯pm ,Mahnoor Sikandar,,IMG-20230712-WA0033.jpg (file attached)
Wednesday,12/7/2023,12:37â€¯pm ,Mahnoor Sikandar,,IMG-20230712-WA0035.jpg (file attached)
Wednesday,12/7/2023,12:37â€¯pm ,Mahnoor Sikandar,,IMG-20230712-WA0036.jpg (file attached)
Wednesday,12/7/2023,12:37â€¯pm ,Mahnoor Sikandar,Assalam o alaikum everyone,
Wednesday,12/7/2023,12:40â€¯pm ,Sehrish,Waalikum  usslam,
Wednesday,12/7/2023,12:40â€¯pm ,Mahnoor Sikandar,How r u,
Wednesday,12/7/2023,12:50â€¯pm ,+92 317 4215515,https://www.facebook.com/reel/230004779796121?s=chYV2B&fs=e&mibextid=5A1icc,
Wednesday,12/7/2023,12:51â€¯pm ,Aimann,Wa alaikum aslam,
Wednesday,12/7/2023,12:51â€¯pm ,Mahnoor Sikandar,How r u all,
Wednesday,12/7/2023,12:55â€¯pm ,Aimann,Alhamdulilah  fine,
Wednesday,12/7/2023,12:55â€¯pm ,Aimann,How r u?,
Wednesday,12/7/2023,12:55â€¯pm ,Mahnoor Sikandar,Alhamduliallah I'm good,
Wednesday,12/7/2023,1:33â€¯pm ,+92 317 4215515,https://vt.tiktok.com/ZSLjdH9mP/,
Wednesday,12/7/2023,1:34â€¯pm ,Sehrish,Alhumdullilah good,
Wednesday,12/7/2023,1:57â€¯pm ,Aimann,ğŸ¤£ğŸ¤£,
Wednesday,12/7/2023,2:14â€¯pm ,Laraib  Mansoor,Walikumsalam,
Wednesday,12/7/2023,2:14â€¯pm ,Laraib  Mansoor,Alhumdulilah and u,
Wednesday,12/7/2023,2:15â€¯pm ,Mahnoor Sikandar,Alhamduliallah I'm fine,
Wednesday,12/7/2023,2:16â€¯pm ,Mahnoor Sikandar,What's happening?,
Wednesday,12/7/2023,2:17â€¯pm ,Laraib  Mansoor,Tea is my first ever love so ğŸ˜,
Wednesday,12/7/2023,2:18â€¯pm ,Laraib  Mansoor,What are you doing??,
Wednesday,12/7/2023,2:19â€¯pm ,Mahnoor Sikandar,Nothing special ğŸ˜œ,
Wednesday,12/7/2023,2:19â€¯pm ,Mahnoor Sikandar,How's your father?,
Wednesday,12/7/2023,2:27â€¯pm ,Laraib  Mansoor,Not well he is still hospitalized,
Wednesday,12/7/2023,2:29â€¯pm ,Mahnoor Sikandar,May Allah give them a healthy life .. amaeennnğŸ¤²ğŸ¤²,
Wednesday,12/7/2023,2:47â€¯pm ,Laraib  Mansoor,Ameen,
Wednesday,12/7/2023,2:57â€¯pm ,Mahnoor Sikandar,,IMG-20230712-WA0044.jpg (file attached)
Wednesday,12/7/2023,3:07â€¯pm ,Aimann,"""When you have a dream, you've got to grab it and never let go."" ... ""Nothing is impossible. ...
 ""There is nothing impossible to they who will try."" ...
 ""The bad news is time flies. ...
 ""Life has got all those twists and turns. ...
 ""Keep your face always toward the sunshine, and shadows will fall behind you.""
",
Wednesday,12/7/2023,3:07â€¯pm ,Aimann,,IMG-20230712-WA0052.jpg (file attached)
Wednesday,12/7/2023,3:08â€¯pm ,Aimann,,IMG-20230712-WA0053.jpg (file attached)
Wednesday,12/7/2023,3:08â€¯pm ,Aimann,,IMG-20230712-WA0051.jpg (file attached)
Wednesday,12/7/2023,3:08â€¯pm ,Aimann,,IMG-20230712-WA0050.jpg (file attached)
Wednesday,12/7/2023,3:08â€¯pm ,Aimann,,IMG-20230712-WA0045.jpg (file attached)
Wednesday,12/7/2023,3:08â€¯pm ,Aimann,,IMG-20230712-WA0049.jpg (file attached)
Wednesday,12/7/2023,3:08â€¯pm ,Aimann,,IMG-20230712-WA0048.jpg (file attached)
Wednesday,12/7/2023,3:08â€¯pm ,Aimann,,IMG-20230712-WA0047.jpg (file attached)
Wednesday,12/7/2023,3:08â€¯pm ,Aimann,,IMG-20230712-WA0046.jpg (file attached)
Wednesday,12/7/2023,3:55â€¯pm ,Sehrish,ğŸ¤£ğŸ¤£,
Wednesday,12/7/2023,3:56â€¯pm ,Sehrish,AmeenğŸ¤²,
Wednesday,12/7/2023,3:56â€¯pm ,Sehrish,TrueğŸ’¯,
Wednesday,12/7/2023,3:57â€¯pm ,Sehrish,ğŸ‘,
Wednesday,12/7/2023,4:14â€¯pm ,Mahnoor Sikandar,https://www.instagram.com/reel/CtBQHd3LoTx/?igshid=ODJiZmNhM2IxNg==,
Wednesday,12/7/2023,4:15â€¯pm ,Mahnoor Sikandar,ğŸ’¯ğŸ’¯ğŸ’¯,
Wednesday,12/7/2023,4:20â€¯pm ,+92 317 4215515,https://www.instagram.com/reel/Crdt90FhwG_/?igshid=ZTE2MDY0MWU=,
Wednesday,12/7/2023,4:20â€¯pm ,+92 317 4215515,https://www.instagram.com/reel/Crp8b9-g45w/?igshid=ZTE2MDY0MWU=,
Wednesday,12/7/2023,4:21â€¯pm ,+92 317 4215515,https://www.instagram.com/reel/Cp5O2-bojgd/?igshid=ZTE2MDY0MWU=,
Wednesday,12/7/2023,4:21â€¯pm ,+92 317 4215515,https://www.instagram.com/reel/CpwtoGejTFr/?igshid=ZTE2MDY0MWU=,
Wednesday,12/7/2023,4:21â€¯pm ,+92 317 4215515,https://www.instagram.com/reel/CpwXz_6oi6r/?igshid=ZTE2MDY0MWU=,
Wednesday,12/7/2023,4:21â€¯pm ,+92 317 4215515,https://www.instagram.com/reel/CoUTHLbghSv/?igshid=ZTE2MDY0MWU=,
Wednesday,12/7/2023,4:21â€¯pm ,+92 317 4215515,https://www.instagram.com/reel/CpfmkjfDnGj/?igshid=ZTE2MDY0MWU=,
Wednesday,12/7/2023,4:21â€¯pm ,+92 317 4215515,https://www.instagram.com/reel/CpkJYfDOUrd/?igshid=ZTE2MDY0MWU=,
Wednesday,12/7/2023,4:21â€¯pm ,+92 317 4215515,https://www.instagram.com/reel/CqFI1m7DOxL/?igshid=ZTE2MDY0MWU=,
Wednesday,12/7/2023,4:21â€¯pm ,+92 317 4215515,https://www.instagram.com/reel/CojJLuMJ5eq/?igshid=ZTE2MDY0MWU=,
Wednesday,12/7/2023,4:21â€¯pm ,+92 317 4215515,https://www.instagram.com/reel/Co2DGOTDG6O/?igshid=ZTE2MDY0MWU=,
Wednesday,12/7/2023,4:21â€¯pm ,+92 317 4215515,https://www.instagram.com/reel/CoKOSVUJyre/?igshid=ZTE2MDY0MWU=,
Wednesday,12/7/2023,4:21â€¯pm ,+92 317 4215515,https://www.instagram.com/reel/CpFel17uLRK/?igshid=ZTE2MDY0MWU=,
Wednesday,12/7/2023,4:21â€¯pm ,+92 317 4215515,https://www.instagram.com/reel/CqUt04fDmoz/?igshid=ZTE2MDY0MWU=,
Wednesday,12/7/2023,4:21â€¯pm ,+92 317 4215515,https://www.instagram.com/reel/Co7TpEuj0vI/?igshid=YzAyMDM1MGJkZA==,
Wednesday,12/7/2023,4:21â€¯pm ,+92 317 4215515,https://www.instagram.com/reel/CqBzzfiojOs/?igshid=YzAyMDM1MGJkZA==,
Wednesday,12/7/2023,4:21â€¯pm ,+92 317 4215515,https://www.instagram.com/reel/Cr5c-aBIp81/?igshid=YzAyMDM1MGJkZA==,
Wednesday,12/7/2023,4:21â€¯pm ,+92 317 4215515,https://www.instagram.com/reel/CqdYQR0oSnM/?igshid=YzAyMDM1MGJkZA==,
Wednesday,12/7/2023,4:53â€¯pm ,Mahnoor Sikandar,Hello everyone,
Wednesday,12/7/2023,4:55â€¯pm ,Mahnoor Sikandar,Is there anyone here ğŸ¤”,
Wednesday,12/7/2023,4:56â€¯pm ,Aimann,YessğŸ™‹â€â™€ï¸,
Wednesday,12/7/2023,4:57â€¯pm ,Mahnoor Sikandar,Hey aiman ğŸ‘‹,
Wednesday,12/7/2023,4:57â€¯pm ,Mahnoor Sikandar,How r u,
Wednesday,12/7/2023,4:57â€¯pm ,Aimann,Hyeee,
Wednesday,12/7/2023,4:57â€¯pm ,Aimann,Beautiful,
Wednesday,12/7/2023,4:57â€¯pm ,Aimann,And uh,
Wednesday,12/7/2023,5:04â€¯pm ,Mahnoor Sikandar,Alhamduliallah I'm fine,
Wednesday,12/7/2023,5:04â€¯pm ,Mahnoor Sikandar,"Aiman , the book that I have sent to you .",
Wednesday,12/7/2023,5:04â€¯pm ,Mahnoor Sikandar,Can u read that ??,
Wednesday,12/7/2023,5:05â€¯pm ,Aimann,Yes i...,
Wednesday,12/7/2023,5:05â€¯pm ,Aimann,"I donâ€™t know what you thought about the book, but I had a lot of mixed feelings about it.",
Wednesday,12/7/2023,5:06â€¯pm ,Mahnoor Sikandar,"Ohh, reallyy",
Wednesday,12/7/2023,5:06â€¯pm ,Mahnoor Sikandar,Like what ?ğŸ¤”,
Wednesday,12/7/2023,5:07â€¯pm ,Aimann,"Well, I thought the main characterâ€™s situation was interesting, but his attitude toward women bothered meğŸ™„",
Wednesday,12/7/2023,5:07â€¯pm ,Mahnoor Sikandar,I can see that .,
Wednesday,12/7/2023,5:07â€¯pm ,Mahnoor Sikandar,It definitely seemed like that he had some problems with women ğŸ˜,
Wednesday,12/7/2023,5:08â€¯pm ,Aimann,would have liked to understand how that started..ğŸ¤”,
Wednesday,12/7/2023,5:08â€¯pm ,Aimann,"I mean, the book didnâ€™t go into too much detail about why he felt that way",
Wednesday,12/7/2023,5:08â€¯pm ,Mahnoor Sikandar,I agree with that ğŸ’¯ğŸ’¯,
Wednesday,12/7/2023,5:09â€¯pm ,Mahnoor Sikandar,I think the author could have handled that part of the book better .,
Wednesday,12/7/2023,5:09â€¯pm ,Mahnoor Sikandar,I did enjoy the descriptions though.,
Wednesday,12/7/2023,5:10â€¯pm ,Aimann,"Oh yes, the writing was beautiful!â¤",
Wednesday,12/7/2023,5:10â€¯pm ,Aimann,That just made me more disappointed in the character.,
Wednesday,12/7/2023,5:10â€¯pm ,Mahnoor Sikandar,"Well, this is just my opinion ğŸ˜‰",
Wednesday,12/7/2023,5:10â€¯pm ,Mahnoor Sikandar,"But maybe the character would have been easier to understand if the writing had been simpler.  It seemed like the author spent a lot of time on the descriptions when he could have spent more time on the characterâ€™s thoughts.ğŸ¤”
",
Wednesday,12/7/2023,5:12â€¯pm ,Aimann,Iâ€™m not sure if I agree with thatğŸ™ŒğŸ»,
Wednesday,12/7/2023,5:12â€¯pm ,Aimann,"I just think that the writing could have been more thoughtful while still being beautiful, if that makes sense",
Wednesday,12/7/2023,5:12â€¯pm ,Mahnoor Sikandar,That does make sense.,
Wednesday,12/7/2023,5:12â€¯pm ,Mahnoor Sikandar,I think maybe the problem for me is just that not much actually happened,
Wednesday,12/7/2023,5:14â€¯pm ,Aimann,Youâ€™re right about that....ğŸ‘ğŸ»,
Wednesday,12/7/2023,5:14â€¯pm ,Aimann,There wasnâ€™t much of a story.,
Wednesday,12/7/2023,5:14â€¯pm ,Mahnoor Sikandar,I still enjoyed parts of the book though â˜ºï¸â˜ºï¸,
Wednesday,12/7/2023,5:15â€¯pm ,Aimann,"Oh, I did, tooğŸ˜‰",
Wednesday,12/7/2023,5:15â€¯pm ,Aimann,And I appreciate hearing your point of view.,
Wednesday,12/7/2023,5:17â€¯pm ,Mahnoor Sikandar,Aiman,
Wednesday,12/7/2023,5:17â€¯pm ,Mahnoor Sikandar,Have u read wasif Ali wasif quotes Nd books ?,
Wednesday,12/7/2023,5:17â€¯pm ,Mahnoor Sikandar,He's a gr8 writer and poet of Pakistan,
Wednesday,12/7/2023,5:18â€¯pm ,Mahnoor Sikandar,"Recently, I have read some of his books ğŸ“š",
Wednesday,12/7/2023,5:19â€¯pm ,Mahnoor Sikandar,He's such a great Sufi,
Wednesday,12/7/2023,5:22â€¯pm ,Aimann,Yes i have  read  some of it ...,
Wednesday,12/7/2023,5:22â€¯pm ,Aimann,Yes he is..ğŸ«¶ğŸ»,
Wednesday,12/7/2023,5:23â€¯pm ,Aimann,A great  poet .,
Wednesday,12/7/2023,5:23â€¯pm ,Mahnoor Sikandar,,IMG-20230712-WA0058.jpg (file attached)
Wednesday,12/7/2023,5:23â€¯pm ,Mahnoor Sikandar,,IMG-20230712-WA0059.jpg (file attached)
Wednesday,12/7/2023,5:23â€¯pm ,Mahnoor Sikandar,Absolutely ğŸ’¯ğŸ˜Œ,
Wednesday,12/7/2023,5:24â€¯pm ,Aimann,ğŸ‘ŒğŸ»,
Wednesday,12/7/2023,6:04â€¯pm ,Laraib  Mansoor,Is that aiman,
Wednesday,12/7/2023,6:09â€¯pm ,Aimann,Aiman ishtiaq  hereğŸ™‹â€â™€ï¸,
Wednesday,12/7/2023,6:09â€¯pm ,Aimann,And uh?????,
Wednesday,12/7/2023,6:11â€¯pm ,Sehrish,Hello,
Wednesday,12/7/2023,6:11â€¯pm ,Sehrish,Yeah,
Wednesday,12/7/2023,6:12â€¯pm ,Sehrish,ğŸ‘,
Wednesday,12/7/2023,6:12â€¯pm ,Sehrish,True ğŸ‘,
Wednesday,12/7/2023,8:50â€¯pm ,Laraib  Mansoor,Laraib,
Wednesday,12/7/2023,9:07â€¯pm ,Mahnoor Sikandar,Guys plz share some pics/media here .,
Wednesday,12/7/2023,9:46â€¯pm ,+92 317 4215515,,IMG-20230712-WA0081.jpg (file attached)
Wednesday,12/7/2023,9:46â€¯pm ,+92 317 4215515,,IMG-20230712-WA0080.jpg (file attached)
Wednesday,12/7/2023,9:46â€¯pm ,+92 317 4215515,,IMG-20230712-WA0074.jpg (file attached)
Wednesday,12/7/2023,9:46â€¯pm ,+92 317 4215515,,IMG-20230712-WA0079.jpg (file attached)
Wednesday,12/7/2023,9:46â€¯pm ,+92 317 4215515,,IMG-20230712-WA0078.jpg (file attached)
Wednesday,12/7/2023,9:46â€¯pm ,+92 317 4215515,,IMG-20230712-WA0077.jpg (file attached)
Wednesday,12/7/2023,9:46â€¯pm ,+92 317 4215515,,IMG-20230712-WA0076.jpg (file attached)
Wednesday,12/7/2023,9:46â€¯pm ,+92 317 4215515,,IMG-20230712-WA0075.jpg (file attached)
Wednesday,12/7/2023,9:46â€¯pm ,+92 317 4215515,,IMG-20230712-WA0073.jpg (file attached)
Wednesday,12/7/2023,9:46â€¯pm ,+92 317 4215515,,IMG-20230712-WA0072.jpg (file attached)
Wednesday,12/7/2023,9:46â€¯pm ,+92 317 4215515,,IMG-20230712-WA0071.jpg (file attached)
Wednesday,12/7/2023,10:22â€¯pm ,Aimann,"Ohhhh  ..hlooo
  How r uh?
",
Wednesday,12/7/2023,11:19â€¯pm ,Aimann,https://vt.tiktok.com/ZSLfVhtLy/,
Wednesday,12/7/2023,11:21â€¯pm ,Sehrish,,"IMG-20230712-WA0083.jpg (file attached) When My little nieces was of 3year
"
Wednesday,12/7/2023,11:22â€¯pm ,Sehrish,,IMG-20230712-WA0086.jpg (file attached)
Wednesday,12/7/2023,11:22â€¯pm ,Sehrish,,IMG-20230712-WA0085.jpg (file attached)
Wednesday,12/7/2023,11:22â€¯pm ,Sehrish,This message was deleted,
Wednesday,12/7/2023,11:25â€¯pm ,Aimann,https://vt.tiktok.com/ZSLfVGrW9/,
Wednesday,12/7/2023,11:42â€¯pm ,Mahnoor Sikandar,Mashallahh ğŸ˜˜ğŸ˜˜ğŸ˜˜,
Thursday,13/07/2023,12:26â€¯am ,Aimann,mashAllah mashAllah,
Thursday,13/07/2023,9:49â€¯am ,Mahnoor Sikandar,Assalam o alaikum everyone,
Thursday,13/07/2023,9:49â€¯am ,Mahnoor Sikandar,Good morning ğŸŒ,
Thursday,13/07/2023,10:04â€¯am ,Aimann,Wa alaikum aslam,
Thursday,13/07/2023,10:04â€¯am ,Aimann,Gd mrngğŸ¥±,
Thursday,13/07/2023,10:16â€¯am ,Mahnoor Sikandar,How r u dear ?,
Thursday,13/07/2023,10:21â€¯am ,Aimann,I'm good,
Thursday,13/07/2023,10:22â€¯am ,Aimann,What about uh?,
Thursday,13/07/2023,10:28â€¯am ,Mahnoor Sikandar,Alhamduliallah I'm fine,
